# HYG Database v4.1 (astronexus/HYG-Database), CC BY-SA 4.0: stars to magnitude 4.0 — ra (h), dec (deg), mag, B-V
6.7525,-16.716,-1.44,0.01
6.3992,-52.696,-0.62,0.16
14.2610,19.182,-0.05,1.24
14.6608,-60.834,-0.01,0.71
18.6156,38.784,0.03,-0.00
5.2782,45.998,0.08,0.80
5.2423,-8.202,0.18,-0.03
7.6550,5.225,0.40,0.43
1.6286,-57.237,0.45,-0.16
5.9195,7.407,0.45,1.50
14.0637,-60.373,0.61,-0.23
19.8464,8.868,0.76,0.22
12.4433,-63.099,0.77,-0.24
4.5987,16.509,0.87,1.54
5.2779,46.001,0.96,0.60
13.4199,-11.161,0.98,-0.23
16.4901,-26.432,1.06,1.86
7.7553,28.026,1.16,0.99
22.9608,-29.622,1.17,0.14
12.7954,-59.689,1.25,-0.24
20.6905,45.280,1.25,0.09
14.6603,-60.838,1.35,0.90
10.1395,11.967,1.36,-0.09
6.9771,-28.972,1.50,-0.21
7.5766,31.888,1.58,0.03
12.5194,-57.113,1.59,1.60
17.5601,-37.104,1.62,-0.23
5.4189,6.350,1.64,-0.22
5.4382,28.607,1.65,-0.13
9.2200,-69.717,1.67,0.07
5.6036,-1.202,1.69,-0.18
22.1372,-46.961,1.73,-0.07
5.6793,-1.943,1.74,-0.20
8.1589,-47.337,1.75,-0.14
12.9005,55.960,1.76,-0.02
3.4054,49.861,1.79,0.48
18.4029,-34.385,1.79,-0.03
11.0622,61.751,1.81,1.06
7.1399,-26.393,1.83,0.67
13.7924,49.313,1.85,-0.10
8.3752,-59.509,1.86,1.20
17.6220,-42.998,1.86,0.41
5.9921,44.947,1.90,0.08
16.8111,-69.028,1.91,1.45
6.6285,16.399,1.93,0.00
8.7451,-54.709,1.93,0.04
20.4275,-56.735,1.94,-0.12
2.5297,89.264,1.97,0.64
6.3783,-17.956,1.98,-0.24
9.4598,-8.659,1.99,1.44
2.1196,23.462,2.01,1.15
10.3329,19.841,2.01,1.13
0.7265,-17.987,2.04,1.02
18.9211,-26.297,2.05,-0.13
14.1114,-36.370,2.06,1.01
0.1398,29.090,2.07,-0.04
1.1622,35.621,2.07,1.58
5.7959,-9.670,2.07,-0.17
14.8451,74.156,2.07,1.47
22.7111,-46.885,2.07,1.61
17.5822,12.560,2.08,0.15
3.1361,40.956,2.09,-0.00
2.0650,42.330,2.10,1.37
11.8177,14.572,2.14,0.09
0.9451,60.717,2.15,-0.05
12.6920,-48.960,2.20,-0.02
8.0597,-40.003,2.21,-0.27
9.2848,-59.275,2.21,0.19
15.5781,26.715,2.22,0.03
9.1333,-43.433,2.23,1.67
13.3987,54.925,2.23,0.06
20.3705,40.257,2.23,0.67
0.6751,56.537,2.24,1.17
17.9434,51.489,2.24,1.52
5.5334,-0.299,2.25,-0.17
0.1529,59.150,2.28,0.38
13.6648,-53.466,2.29,-0.17
16.0056,-22.622,2.29,-0.12
16.8361,-34.293,2.29,1.14
14.6988,-47.388,2.30,-0.15
14.5918,-42.158,2.33,-0.16
11.0307,56.382,2.34,0.03
14.7498,27.074,2.35,0.97
21.7364,9.875,2.38,1.52
17.7081,-39.030,2.39,-0.17
0.4381,-42.306,2.40,1.08
11.8972,53.695,2.41,0.04
17.1730,-15.725,2.43,0.06
23.0629,28.083,2.44,1.66
7.4016,-29.303,2.45,-0.08
21.3096,62.586,2.45,0.26
9.3686,-55.011,2.47,-0.14
20.7702,33.970,2.48,1.02
23.0793,15.205,2.49,-0.00
3.0380,4.090,2.54,1.63
16.6193,-10.567,2.54,0.04
13.9257,-47.288,2.55,-0.18
11.2351,20.524,2.56,0.13
16.0906,-19.805,2.56,-0.07
5.5455,-17.822,2.58,0.21
12.1393,-50.722,2.58,-0.13
12.2634,-17.542,2.58,-0.11
19.0435,-29.880,2.60,0.06
15.2834,-9.383,2.61,-0.07
15.7378,6.426,2.63,1.17
1.9107,20.808,2.64,0.17
5.6608,-34.074,2.65,-0.12
5.9954,37.213,2.65,-0.08
12.5731,-23.397,2.65,0.89
1.4302,60.235,2.66,0.16
13.9114,18.398,2.68,0.58
14.9755,-43.134,2.68,-0.18
4.9499,33.166,2.69,1.49
10.7795,-49.420,2.69,0.90
12.6197,-69.136,2.69,-0.18
17.5127,-37.296,2.70,-0.18
7.2857,-37.097,2.71,1.62
18.3499,-29.828,2.72,1.38
19.7710,10.613,2.72,1.51
16.2391,-3.694,2.73,1.58
16.3999,61.514,2.73,0.91
10.7159,-64.394,2.74,-0.22
12.6943,-1.449,2.74,0.37
5.5906,-5.910,2.75,-0.21
13.3433,-36.712,2.75,0.07
14.8480,-16.042,2.75,0.15
17.7245,4.567,2.76,1.17
5.1308,-5.086,2.78,0.16
16.5037,21.490,2.78,0.95
17.2441,14.390,2.78,1.16
12.2524,-58.749,2.79,-0.19
17.5072,52.301,2.79,0.95
15.5857,-41.167,2.80,-0.22
5.4708,-20.759,2.81,0.81
16.6881,31.603,2.81,0.65
0.4279,-77.254,2.82,0.62
16.5980,-28.216,2.82,-0.21
18.4662,-25.422,2.82,1.02
0.2206,15.184,2.83,-0.19
8.1257,-24.304,2.83,0.46
15.9191,-63.431,2.83,0.32
3.9022,31.884,2.84,0.27
17.4217,-55.530,2.84,1.48
17.5307,-49.876,2.84,-0.14
3.7914,24.105,2.85,-0.09
13.0363,10.959,2.85,0.93
21.7840,-16.127,2.85,0.18
7.5768,31.891,2.85,0.60
1.9795,-61.570,2.86,0.29
19.7496,45.131,2.86,-0.00
6.3827,22.514,2.87,1.62
15.3152,-68.680,2.87,0.01
22.3084,-60.260,2.87,1.39
2.9710,-40.305,2.88,0.13
19.1627,-21.024,2.88,0.38
7.4525,8.289,2.89,-0.10
12.9338,38.318,2.89,-0.12
15.9809,-26.114,2.89,-0.18
3.9642,40.010,2.90,-0.20
16.3531,-25.593,2.90,0.30
21.5260,-5.571,2.90,0.83
3.0799,53.506,2.91,0.72
9.7850,-65.072,2.92,0.27
22.7167,30.221,2.93,0.85
6.8323,-50.615,2.94,1.21
12.4977,-16.515,2.94,-0.01
22.0964,-0.320,2.95,0.97
3.9672,-13.509,2.97,1.59
5.6274,21.143,2.97,-0.15
9.7642,23.774,2.97,0.81
18.0968,-30.424,2.98,0.98
13.3154,-23.172,2.99,0.92
17.7931,-40.127,2.99,0.51
19.0902,13.863,2.99,0.01
2.1591,34.987,3.00,0.14
11.1611,44.498,3.00,1.14
15.3455,71.834,3.00,0.06
16.8645,-38.047,3.00,-0.20
21.8988,-37.365,3.00,-0.08
3.7154,47.788,3.01,-0.12
6.3386,-30.063,3.02,-0.16
7.0504,-23.833,3.02,-0.08
12.1687,-22.620,3.02,1.33
5.0328,43.823,3.03,0.54
12.7713,-68.108,3.04,-0.18
14.5346,38.308,3.04,0.19
19.5120,27.960,3.05,1.09
20.3502,-14.781,3.05,0.79
6.7322,25.131,3.06,1.38
10.3722,41.500,3.06,1.60
19.2092,67.662,3.07,0.99
18.2938,-36.762,3.10,1.58
8.9232,5.946,3.11,0.98
10.8271,-16.194,3.11,1.23
11.5964,-63.020,3.11,-0.04
20.6261,-47.292,3.11,1.00
5.8493,-35.768,3.12,1.15
8.9868,48.042,3.12,0.22
16.9770,-55.990,3.12,1.55
17.2505,24.839,3.12,0.08
14.9860,-42.104,3.13,-0.21
9.3509,34.393,3.14,1.55
9.5204,-57.034,3.16,1.54
17.2508,36.809,3.16,1.44
6.6294,-43.196,3.17,-0.10
9.5477,51.677,3.17,0.47
17.1464,65.715,3.17,-0.12
18.7609,-26.991,3.17,-0.11
5.1086,41.234,3.18,-0.15
14.7085,-64.975,3.18,0.26
4.8307,6.961,3.19,0.48
5.0910,-22.371,3.19,1.46
16.9611,9.375,3.19,1.16
17.8310,-37.043,3.19,1.19
21.2156,30.227,3.21,0.99
23.6558,77.632,3.21,1.03
15.3562,-40.648,3.22,-0.23
16.3054,-4.693,3.23,0.97
18.3552,-2.899,3.23,0.94
21.4777,70.561,3.23,-0.20
6.8032,-61.941,3.24,0.23
20.1884,-0.821,3.24,-0.07
7.4872,-43.301,3.25,1.51
14.1062,-26.682,3.25,1.09
15.0678,-25.282,3.25,1.67
18.9824,32.690,3.25,-0.05
3.7873,-74.239,3.26,1.59
0.6555,30.861,3.27,1.27
17.3668,-25.000,3.27,-0.19
22.9108,-15.821,3.27,0.07
5.2155,-16.205,3.29,-0.11
10.2290,-70.038,3.29,-0.07
15.4155,58.966,3.29,1.17
4.5666,-55.045,3.30,-0.08
10.5337,-61.685,3.30,-0.09
6.2480,22.507,3.31,1.60
17.4232,-56.378,3.31,-0.15
1.1014,-46.718,3.32,0.89
3.0863,38.840,3.32,1.53
12.2571,57.033,3.32,0.08
17.2026,-43.239,3.32,0.44
17.9838,-9.774,3.32,0.99
19.1157,-27.670,3.32,1.17
4.2404,-62.474,3.33,0.92
11.2373,15.430,3.33,-0.00
7.8216,-24.860,3.34,1.22
1.9066,63.670,3.35,-0.15
5.4079,-2.397,3.35,-0.24
6.7548,12.896,3.35,0.44
8.5044,60.718,3.35,0.86
19.4250,3.115,3.36,0.32
15.3780,-44.690,3.37,-0.19
8.7796,6.419,3.38,0.69
13.5782,-0.596,3.38,0.11
5.5856,9.934,3.39,-0.16
10.2847,-61.332,3.39,1.54
12.9267,3.397,3.39,1.57
22.1809,58.201,3.39,1.56
4.4777,15.871,3.40,0.18
17.1728,-15.727,3.40,0.60
1.4728,-43.318,3.41,1.54
4.0113,12.490,3.41,-0.10
13.8251,-41.688,3.41,-0.23
15.2048,-52.099,3.41,0.92
20.7548,61.839,3.41,0.91
22.6910,10.831,3.41,-0.09
1.8847,29.579,3.42,0.49
16.0020,-38.397,3.42,-0.21
17.7743,27.721,3.42,0.75
20.7493,-66.203,3.42,0.16
9.1828,-58.967,3.43,-0.19
10.2782,23.417,3.43,0.31
19.1042,-4.883,3.43,-0.10
10.2850,42.914,3.45,0.03
0.8183,57.815,3.46,0.59
1.1432,-10.182,3.46,1.16
7.9463,-52.982,3.46,-0.18
15.2584,33.315,3.46,0.96
2.7217,3.236,3.47,0.09
13.8269,-42.474,3.47,-0.17
10.1222,16.763,3.48,-0.03
16.7149,38.922,3.48,0.92
1.7345,-15.937,3.49,0.73
7.0287,-27.935,3.49,1.73
11.3080,33.094,3.49,1.40
15.0324,40.391,3.49,0.96
18.4496,-45.968,3.49,-0.18
22.8092,-51.317,3.49,0.08
6.8307,-32.508,3.50,-0.12
7.3354,21.982,3.50,0.37
22.8280,66.200,3.50,1.05
19.9793,19.492,3.51,1.57
22.8334,24.602,3.51,0.93
3.7208,-9.763,3.52,0.92
9.6858,9.892,3.52,0.52
9.9477,-54.568,3.52,-0.07
18.8347,33.363,3.52,0.00
18.9622,-21.107,3.52,1.15
22.1700,6.198,3.52,0.09
12.6942,-1.449,3.52,0.60
4.4769,19.180,3.53,1.01
8.2753,9.186,3.53,1.48
11.5500,-31.858,3.54,0.95
15.8270,-3.430,3.54,-0.04
17.6264,-15.399,3.54,0.26
4.2982,-33.798,3.55,-0.11
5.7826,-14.822,3.55,0.10
14.3234,-46.058,3.55,-0.18
18.3507,72.733,3.55,0.49
20.1452,-66.182,3.55,0.75
0.3238,-8.824,3.56,1.21
2.2752,-51.512,3.56,-0.12
11.3223,-14.779,3.56,1.11
16.8723,-38.018,3.56,-0.21
7.7408,24.398,3.57,0.93
9.0604,47.157,3.57,0.01
14.5305,30.371,3.57,1.30
15.3634,-36.261,3.57,1.53
7.3015,16.540,3.58,0.11
20.3009,-12.545,3.58,0.88
1.6332,48.628,3.59,1.27
5.2934,-6.844,3.59,-0.12
5.7411,-22.448,3.59,0.48
11.8449,1.765,3.59,0.52
12.3560,-60.401,3.59,1.39
1.4004,-8.183,3.60,1.06
6.8798,33.961,3.60,0.10
8.6716,-52.922,3.60,-0.17
9.5117,-40.467,3.60,0.37
15.6171,-28.135,3.60,1.36
17.5183,-60.684,3.60,-0.10
2.8331,27.261,3.61,-0.10
3.4136,9.029,3.61,0.89
10.1765,-12.354,3.61,1.01
13.0378,-71.549,3.61,1.19
17.7622,-64.724,3.61,1.16
1.5247,15.346,3.62,0.97
3.8194,24.053,3.62,-0.07
7.7542,-37.969,3.62,1.71
16.9097,-42.361,3.62,1.39
23.0320,42.326,3.62,-0.10
11.7601,-66.729,3.63,0.16
20.6258,14.595,3.64,0.42
4.3299,15.628,3.65,0.98
9.5255,63.062,3.65,0.36
15.7698,15.422,3.65,0.07
18.1105,-50.091,3.65,-0.10
22.4805,-0.020,3.65,0.41
15.4638,29.106,3.66,0.32
15.6443,-29.778,3.66,-0.18
14.0732,64.376,3.67,-0.05
20.9135,-58.454,3.67,1.25
4.8534,5.605,3.68,-0.16
8.7265,-33.186,3.68,-0.18
19.7898,18.534,3.68,1.31
23.1574,-21.172,3.68,1.20
0.6162,53.897,3.69,-0.20
1.9326,-51.609,3.69,0.84
5.0413,41.076,3.69,1.15
9.7541,-62.508,3.69,1.01
11.7675,47.779,3.69,1.18
21.6682,-16.662,3.69,0.32
3.3253,-21.758,3.70,1.61
17.9627,29.248,3.70,0.94
23.2861,3.282,3.70,0.92
4.9042,2.441,3.71,-0.18
5.9401,-14.168,3.71,0.34
7.8703,-40.576,3.71,1.01
15.8469,4.478,3.71,0.15
18.1225,9.564,3.71,0.16
19.9219,6.407,3.71,0.85
3.5488,-9.458,3.72,0.88
3.7479,24.113,3.72,-0.10
5.9921,54.285,3.72,1.01
21.0822,43.928,3.72,1.61
3.4528,9.733,3.73,-0.08
14.7708,1.893,3.73,-0.01
17.8921,56.873,3.73,1.18
21.6913,-77.390,3.73,1.01
22.8769,-7.580,3.73,1.63
1.8577,-10.335,3.74,1.14
16.3653,19.153,3.74,0.30
21.2465,38.045,3.74,0.39
9.0692,-47.098,3.75,1.17
17.7982,2.707,3.75,0.04
5.5604,-62.490,3.76,0.64
5.8554,-20.879,3.76,0.98
6.4803,-7.033,3.76,-0.11
19.0781,-21.741,3.76,1.01
19.4951,51.730,3.76,0.15
22.5215,50.282,3.76,0.03
2.8449,55.895,3.77,1.69
3.7532,42.579,3.77,0.42
4.3822,17.543,3.77,0.98
5.6458,-2.600,3.77,-0.19
8.4290,-66.137,3.77,1.13
8.6771,-46.649,3.77,0.67
16.8298,-59.041,3.77,1.56
20.6606,15.912,3.77,-0.06
21.4445,-22.411,3.77,1.00
22.1168,25.345,3.77,0.43
7.1458,-70.499,3.78,1.01
7.4288,27.798,3.78,1.02
9.8499,59.039,3.78,0.29
10.8916,-58.853,3.78,0.94
14.6858,13.728,3.78,0.04
20.7946,-9.496,3.78,0.00
3.1583,44.858,3.79,0.98
10.8885,34.215,3.79,1.04
3.2012,-28.988,3.80,0.54
7.6472,-26.804,3.80,-0.16
15.5800,10.539,3.80,0.27
19.2850,53.368,3.80,0.95
20.2272,46.741,3.80,1.27
4.5925,-30.562,3.81,0.96
10.4646,-58.739,3.81,0.32
15.7124,26.296,3.81,0.02
23.6261,46.458,3.81,0.98
2.0341,2.764,3.82,0.02
9.3141,36.803,3.82,0.07
11.5234,69.331,3.82,1.61
16.5152,1.984,3.82,0.02
17.6577,46.006,3.82,-0.18
10.4348,-16.836,3.83,1.46
13.9712,-42.101,3.83,-0.22
14.7977,-79.045,3.83,1.43
3.7366,-64.807,3.84,1.13
3.7386,32.288,3.84,0.02
4.4762,15.962,3.84,0.95
8.9175,-60.645,3.84,-0.10
10.5469,9.307,3.84,-0.15
10.6217,-48.226,3.84,0.30
12.5411,-72.133,3.84,-0.16
18.1257,28.762,3.84,-0.02
18.2294,-21.059,3.84,0.20
19.8028,70.268,3.84,0.89
4.2334,-42.294,3.85,1.08
5.7881,-51.067,3.85,0.17
6.3686,-33.436,3.85,0.86
10.2456,-42.122,3.85,0.05
12.5581,69.788,3.85,-0.12
12.6284,-48.541,3.85,0.05
15.9409,15.662,3.85,0.48
18.3950,21.770,3.85,1.17
18.5868,-8.244,3.85,1.32
0.9459,38.499,3.86,0.13
4.6363,-14.304,3.86,1.08
5.5202,-35.471,3.86,1.13
16.2573,-63.686,3.86,1.10
16.5576,-78.897,3.86,0.92
17.9376,37.251,3.86,1.35
22.3609,-1.387,3.86,-0.06
3.7638,24.368,3.87,-0.06
8.7671,-46.042,3.87,0.01
13.9780,-44.804,3.87,-0.21
14.7177,-5.658,3.87,0.39
15.9481,-29.214,3.87,-0.20
19.8745,1.006,3.87,0.63
0.1568,-45.747,3.88,1.01
1.8922,19.294,3.88,-0.05
9.8794,26.007,3.88,1.22
15.1989,-48.738,3.88,-0.03
23.1726,-45.247,3.88,1.00
2.9405,-8.898,3.89,1.09
6.9022,-24.184,3.89,1.74
9.2394,2.314,3.89,-0.06
12.3318,-0.667,3.89,0.03
19.9384,35.083,3.89,1.02
9.6643,-1.143,3.90,1.31
11.3501,-54.491,3.90,-0.16
13.5174,-39.407,3.90,1.19
4.0526,5.989,3.91,0.03
8.4277,-3.906,3.91,-0.01
12.4673,-50.231,3.91,-0.19
15.0853,-47.051,3.91,-0.14
15.5921,-14.790,3.91,1.01
16.3290,46.313,3.91,-0.15
17.0048,30.926,3.92,-0.02
19.3612,-17.847,3.92,0.23
21.2637,5.248,3.92,0.55
0.4367,-43.680,3.93,0.17
1.5209,-49.073,3.93,0.97
2.9043,52.762,3.93,0.76
4.6053,-3.352,3.93,-0.21
7.6970,-72.606,3.93,1.03
11.1432,-58.975,3.93,1.23
16.1135,-20.669,3.93,-0.05
18.0108,2.932,3.93,0.03
1.1397,-55.246,3.94,-0.12
7.6875,-9.551,3.94,1.02
7.7301,-28.955,3.94,0.16
8.7447,18.154,3.94,1.08
20.9529,41.167,3.94,0.03
2.0573,72.421,3.95,-0.00
6.6114,-19.256,3.95,1.04
13.3990,54.920,3.95,0.13
4.1444,47.713,3.96,-0.03
5.9858,-42.815,3.96,1.15
9.0107,41.783,3.96,0.46
9.1880,-62.317,3.96,-0.18
19.3773,-44.459,3.96,-0.09
19.3981,-40.616,3.96,-0.10
20.2579,47.714,3.96,1.45
23.3828,-20.101,3.96,1.08
4.4006,-34.017,3.97,1.47
5.8582,39.148,3.97,1.13
7.2805,-67.957,3.97,0.76
8.6684,-35.308,3.97,0.94
12.1942,-52.368,3.97,-0.16
15.8493,-33.627,3.97,-0.04
20.0098,-72.911,3.97,-0.03
22.4878,-43.496,3.97,1.02
22.7755,23.566,3.97,1.07
3.9827,35.791,3.98,0.02
21.5663,45.592,3.98,0.89
2.0001,-21.078,3.99,1.55
6.2476,-6.275,3.99,1.32
10.4066,-74.032,3.99,0.37
13.4204,54.988,3.99,0.17
23.2905,-58.236,3.99,0.41
9.0408,-66.396,4.00,0.14
11.3987,10.530,4.00,0.42
16.1999,-19.461,4.00,0.08
